ts,exp,question,split,species_set,n_species,note
2026-10-09T07:43:35-05:00,E005,fast_arm/iso/raw/r24,space,dev,136,A0_iso_raw_r24
2026-10-09T07:43:39-05:00,E005,fast_arm/iso/ema/r24,space,dev,136,A1_iso_ema_r24
2026-10-09T07:43:47-05:00,E005,fast_arm/iso/raw/r64,space,dev,136,A2_iso_raw_r64
2026-10-09T07:43:54-05:00,E005,fast_arm/split/raw/r24,space,dev,136,A3_split_raw_r24
2026-10-09T07:43:58-05:00,E005,fast_arm/iso/raw/r24,space,dev,136,A4_iso_raw_r24_tb4
2026-10-09T07:44:02-05:00,E005,fast_arm/iso/raw/r24,space,dev,136,A5_iso_raw_r24_lag10
2026-10-09T07:44:34-05:00,E005,fast_arm/iso/raw/r24,space_time,dev,119,A0_iso_raw_r24
2026-10-09T07:44:35-05:00,E005,fast_arm/iso/raw/r24,time,dev,155,A0_iso_raw_r24
2026-10-09T07:44:36-05:00,E007,fast_arm/iso/raw/r24,space_time,dev,23,planted_A0
2026-10-09T07:44:36-05:00,E007,fast_arm/iso/raw/r24,time,dev,31,planted_A0
2026-10-09T07:44:39-05:00,E005,fast_arm/iso/ema/r24,space_time,dev,119,A1_iso_ema_r24
2026-10-09T07:44:40-05:00,E005,fast_arm/iso/ema/r24,time,dev,155,A1_iso_ema_r24
2026-10-09T07:44:50-05:00,E005,fast_arm/iso/raw/r64,space_time,dev,119,A2_iso_raw_r64
2026-10-09T07:44:50-05:00,E005,fast_arm/iso/raw/r64,time,dev,155,A2_iso_raw_r64
2026-10-09T07:44:58-05:00,E005,fast_arm/split/raw/r24,space_time,dev,119,A3_split_raw_r24
2026-10-09T07:44:58-05:00,E005,fast_arm/split/raw/r24,time,dev,155,A3_split_raw_r24
2026-10-09T07:45:06-05:00,E005,fast_arm/iso/raw/r24,space_time,dev,119,A4_iso_raw_r24_tb4
2026-10-09T07:45:06-05:00,E005,fast_arm/iso/raw/r24,time,dev,155,A4_iso_raw_r24_tb4
2026-10-09T07:45:10-05:00,E005,fast_arm/iso/raw/r24,space_time,dev,119,A5_iso_raw_r24_lag10
2026-10-09T07:45:11-05:00,E005,fast_arm/iso/raw/r24,time,dev,155,A5_iso_raw_r24_lag10
2026-10-09T07:52:53-05:00,adhoc,fast_arm/iso/raw/r24,space_time,dev,23,planted_check
2026-10-09T07:52:53-05:00,adhoc,fast_arm/iso/raw/r24,time,dev,31,planted_check
2026-10-09T07:59:47-05:00,adhoc,change_oracle/esk/r24,trained,dev,133,
2026-10-09T07:59:52-05:00,adhoc,change_oracle/desk_raw/r24,trained,dev,133,
2026-10-09T07:59:56-05:00,adhoc,change_oracle/desk_ema/r24,trained,dev,133,
2026-10-09T08:00:31-05:00,adhoc,change_oracle/esk/r64,trained,dev,133,
2026-10-09T08:01:06-05:00,adhoc,change_oracle/desk_raw/r64,trained,dev,133,
2026-10-09T08:01:29-05:00,adhoc,change_oracle/desk_ema/r64,trained,dev,133,
2026-10-09T08:01:57-05:00,adhoc,change_oracle/esk/r24,withheld,dev,133,
2026-10-09T08:02:01-05:00,adhoc,change_oracle/desk_raw/r24,withheld,dev,133,
2026-10-09T08:02:06-05:00,adhoc,change_oracle/desk_ema/r24,withheld,dev,133,
2026-10-09T08:02:40-05:00,adhoc,change_oracle/esk/r64,withheld,dev,133,
2026-10-09T08:03:18-05:00,adhoc,change_oracle/desk_raw/r64,withheld,dev,133,
2026-10-09T08:03:53-05:00,adhoc,change_oracle/desk_ema/r64,withheld,dev,133,
2026-10-09T08:08:01-05:00,E011,change_oracle/esk/r24,trained,dev,133,
2026-10-09T08:08:03-05:00,E011,change_oracle/esk/r24,withheld,dev,133,
2026-10-09T08:08:07-05:00,E011,change_oracle/desk_raw/r24,trained,dev,133,
2026-10-09T08:08:09-05:00,E011,change_oracle/desk_raw/r24,withheld,dev,133,
2026-10-09T08:08:12-05:00,E011,change_oracle/desk_ema/r24,trained,dev,133,
2026-10-09T08:08:14-05:00,E011,change_oracle/desk_ema/r24,withheld,dev,133,
2026-10-09T08:08:25-05:00,E009,fast_arm/iso/raw/r24,space_time,dev,118,planted_v2_A0
2026-10-09T08:08:27-05:00,E009,fast_arm/iso/raw/r24,time,dev,175,planted_v2_A0
2026-10-09T08:08:58-05:00,E009,fast_arm/split/raw/r24,space_time,dev,118,planted_v2_A3
2026-10-09T08:08:59-05:00,E009,fast_arm/split/raw/r24,time,dev,175,planted_v2_A3
2026-10-09T08:09:20-05:00,E011,change_oracle/esk/r64,trained,dev,133,
2026-10-09T08:09:20-05:00,E011,change_oracle/esk/r64,withheld,dev,133,
2026-10-09T08:10:10-05:00,E011,change_oracle/desk_raw/r64,withheld,dev,133,
2026-10-09T08:10:12-05:00,E011,change_oracle/desk_raw/r64,trained,dev,133,
2026-10-09T08:10:46-05:00,E011,change_oracle/desk_ema/r64,trained,dev,133,
2026-10-09T08:11:01-05:00,E011,change_oracle/desk_ema/r64,withheld,dev,133,
2026-10-09T08:14:18-05:00,adhoc,fast_arm/split/raw/r24,space_time,dev,119,tiers_check
2026-10-09T08:14:18-05:00,adhoc,fast_arm/split/raw/r24,time,dev,155,tiers_check
2026-10-09T08:15:28-05:00,adhoc,fast_arm/iso/raw/r24,space_time,dev,119,tiers_check
2026-10-09T08:15:30-05:00,adhoc,fast_arm/iso/raw/r24,time,dev,155,tiers_check
2026-10-09T08:15:39-05:00,adhoc,fast_arm/split/raw/r24,space_time,dev,119,tiers_check
2026-10-09T08:15:41-05:00,adhoc,fast_arm/split/raw/r24,time,dev,155,tiers_check
2026-10-09T08:16:56-05:00,E012,fast_arm/iso/raw/r24,space_time,dev,119,E012_C0
2026-10-09T08:16:58-05:00,E012,fast_arm/iso/raw/r24,time,dev,155,E012_C0
2026-10-09T08:17:06-05:00,E012,fast_arm/split/raw/r24,space_time,dev,119,E012_C1
2026-10-09T08:17:07-05:00,E012,fast_arm/split/raw/r24,time,dev,155,E012_C1
2026-10-09T08:17:16-05:00,E012,fast_arm/split/ema/r24,space_time,dev,119,E012_C2
2026-10-09T08:17:18-05:00,E012,fast_arm/split/ema/r24,time,dev,155,E012_C2
2026-10-09T08:17:26-05:00,E012,fast_arm/split/raw/r24,space_time,dev,119,E012_C3
2026-10-09T08:17:27-05:00,E012,fast_arm/split/raw/r24,time,dev,155,E012_C3
2026-10-09T08:18:45-05:00,E012,fast_arm/split/raw/r64,space_time,dev,119,E012_C4
2026-10-09T08:18:47-05:00,E012,fast_arm/split/raw/r64,time,dev,155,E012_C4
2026-10-09T08:19:52-05:00,E012,fast_arm/split/ema/r64,space_time,dev,119,E012_C5
2026-10-09T08:19:53-05:00,E012,fast_arm/split/ema/r64,time,dev,155,E012_C5
2026-10-09T08:20:02-05:00,E012,fast_arm/split/raw/r24,space_time,dev,119,E012_C6
2026-10-09T08:20:03-05:00,E012,fast_arm/split/raw/r24,time,dev,155,E012_C6
2026-10-09T08:20:09-05:00,E012,fast_arm/iso/raw/r24,space,dev,136,E012_C0
2026-10-09T08:20:17-05:00,E012,fast_arm/split/raw/r24,space,dev,136,E012_C1
2026-10-09T08:20:24-05:00,E012,fast_arm/split/ema/r24,space,dev,136,E012_C2
2026-10-09T08:20:30-05:00,E012,fast_arm/split/raw/r24,space,dev,136,E012_C3
2026-10-09T08:21:23-05:00,E012,fast_arm/split/raw/r64,space,dev,136,E012_C4
2026-10-09T08:21:54-05:00,E012,fast_arm/split/ema/r64,space,dev,136,E012_C5
2026-10-09T08:21:58-05:00,E012,fast_arm/split/raw/r24,space,dev,136,E012_C6
2026-10-09T08:23:36-05:00,adhoc,change_oracle/esk/r24,withheld,dev,16,
2026-10-09T08:23:37-05:00,adhoc,change_oracle/desk_raw/r24,withheld,dev,16,
2026-10-09T08:23:39-05:00,adhoc,change_oracle/desk_ema/r24,withheld,dev,16,
2026-10-09T08:23:45-05:00,adhoc,change_oracle/esk/r24,withheld,dev,34,
2026-10-09T08:23:47-05:00,adhoc,change_oracle/desk_raw/r24,withheld,dev,34,
2026-10-09T08:23:48-05:00,adhoc,change_oracle/desk_ema/r24,withheld,dev,34,
2026-10-09T08:23:53-05:00,adhoc,change_oracle/esk/r24,withheld,dev,33,
2026-10-09T08:23:55-05:00,adhoc,change_oracle/desk_raw/r24,withheld,dev,33,
2026-10-09T08:23:57-05:00,adhoc,change_oracle/desk_ema/r24,withheld,dev,33,
2026-10-09T08:24:55-05:00,adhoc,change_oracle/esk/r24,withheld,dev,16,
2026-10-09T08:25:00-05:00,adhoc,change_oracle/desk_raw/r24,withheld,dev,16,
2026-10-09T08:25:06-05:00,adhoc,change_oracle/desk_ema/r24,withheld,dev,16,
2026-10-09T08:25:17-05:00,adhoc,change_oracle/esk/r24,withheld,dev,33,
2026-10-09T08:25:22-05:00,adhoc,change_oracle/desk_raw/r24,withheld,dev,33,
2026-10-09T08:25:27-05:00,adhoc,change_oracle/desk_ema/r24,withheld,dev,33,
2026-10-09T08:25:49-05:00,adhoc,change_oracle/esk/r24,withheld,dev,133,
2026-10-09T08:26:07-05:00,adhoc,change_oracle/desk_raw/r24,withheld,dev,133,
2026-10-09T08:26:23-05:00,adhoc,change_oracle/desk_ema/r24,withheld,dev,133,
2026-10-09T08:26:46-05:00,adhoc,change_oracle/esk/r24,trained,dev,133,
2026-10-09T08:27:03-05:00,adhoc,change_oracle/desk_raw/r24,trained,dev,133,
2026-10-09T08:27:24-05:00,adhoc,change_oracle/desk_ema/r24,trained,dev,133,
2026-10-09T08:28:59-05:00,E011,change_oracle/esk/r24,withheld,dev,16,
2026-10-09T08:29:21-05:00,E011,change_oracle/desk_raw/r24,withheld,dev,16,
2026-10-09T08:29:32-05:00,E011,change_oracle/esk/r24,trained,dev,133,
2026-10-09T08:29:42-05:00,E011,change_oracle/desk_ema/r24,withheld,dev,16,
2026-10-09T08:29:43-05:00,E011,change_oracle/esk/r24,withheld,dev,133,
2026-10-09T08:30:31-05:00,E011,change_oracle/esk/r24,withheld,dev,33,
2026-10-09T08:30:53-05:00,E011,change_oracle/desk_raw/r24,trained,dev,133,
2026-10-09T08:30:56-05:00,E011,change_oracle/desk_raw/r24,withheld,dev,33,
2026-10-09T08:31:15-05:00,E011,change_oracle/desk_raw/r24,withheld,dev,133,
2026-10-09T08:31:18-05:00,E011,change_oracle/desk_ema/r24,withheld,dev,33,
2026-10-09T08:32:05-05:00,E011,change_oracle/desk_ema/r24,trained,dev,133,
2026-10-09T08:32:06-05:00,E011,change_oracle/esk/r24,withheld,dev,34,
2026-10-09T08:32:25-05:00,E011,change_oracle/desk_ema/r24,withheld,dev,133,
2026-10-09T08:32:27-05:00,E011,change_oracle/desk_raw/r24,withheld,dev,34,
2026-10-09T08:33:03-05:00,E011,change_oracle/desk_ema/r24,withheld,dev,34,
2026-10-09T08:34:06-05:00,E011,change_oracle/esk/r24,withheld,dev,4,
2026-10-09T08:34:36-05:00,E011,change_oracle/desk_raw/r24,withheld,dev,4,
2026-10-09T08:35:11-05:00,E011,change_oracle/desk_ema/r24,withheld,dev,4,
2026-10-09T08:40:03-05:00,E011,change_oracle/esk/r64,trained,dev,133,
2026-10-09T08:40:08-05:00,E011,change_oracle/esk/r64,withheld,dev,133,
2026-10-09T08:43:07-05:00,E011,change_oracle/desk_raw/r64,trained,dev,133,
2026-10-09T08:43:33-05:00,E011,change_oracle/desk_raw/r64,withheld,dev,133,
2026-10-09T08:46:09-05:00,adhoc,fast_arm/iso/raw/r24,space_time,dev,119,dev_C0
2026-10-09T08:46:11-05:00,adhoc,fast_arm/iso/raw/r24,time,dev,155,dev_C0
2026-10-09T08:46:24-05:00,E011,change_oracle/desk_ema/r64,trained,dev,133,
2026-10-09T08:46:24-05:00,adhoc,fast_arm/split/raw/r24,space_time,dev,119,dev_C1
2026-10-09T08:46:26-05:00,adhoc,fast_arm/split/raw/r24,time,dev,155,dev_C1
2026-10-09T08:46:38-05:00,adhoc,fast_arm/placebo/raw/r24,space_time,dev,119,dev_P
2026-10-09T08:46:39-05:00,adhoc,fast_arm/placebo/raw/r24,time,dev,155,dev_P
2026-10-09T08:46:42-05:00,E011,change_oracle/desk_ema/r64,withheld,dev,133,
2026-10-09T08:47:00-05:00,adhoc,fast_arm/split+placebo/raw/r24,space_time,dev,119,dev_CP
2026-10-09T08:47:01-05:00,adhoc,fast_arm/split+placebo/raw/r24,time,dev,155,dev_CP
2026-10-09T08:47:48-05:00,E012,fast_arm/iso/raw/r24,space_time,dev,119,E012c_C0
2026-10-09T08:47:50-05:00,E012,fast_arm/iso/raw/r24,time,dev,155,E012c_C0
2026-10-09T08:47:51-05:00,E012,fast_arm/iso/raw/r24,space,dev,136,E012c_C0
2026-10-09T08:48:00-05:00,E012,fast_arm/split/raw/r24,space_time,dev,119,E012c_C1
2026-10-09T08:48:00-05:00,E012,fast_arm/split/raw/r24,space,dev,136,E012c_C1
2026-10-09T08:48:01-05:00,E012,fast_arm/split/raw/r24,time,dev,155,E012c_C1
2026-10-09T08:48:09-05:00,E012,fast_arm/placebo/raw/r24,space,dev,136,E012c_P
2026-10-09T08:48:11-05:00,E012,fast_arm/placebo/raw/r24,space_time,dev,119,E012c_P
2026-10-09T08:48:12-05:00,E012,fast_arm/placebo/raw/r24,time,dev,155,E012c_P
2026-10-09T08:48:34-05:00,E012,fast_arm/split+placebo/raw/r24,space,dev,136,E012c_CP
2026-10-09T08:48:36-05:00,E012,fast_arm/split+placebo/raw/r24,space_time,dev,119,E012c_CP
2026-10-09T08:48:37-05:00,E012,fast_arm/split+placebo/raw/r24,time,dev,155,E012c_CP
2026-10-09T09:21:47-05:00,E012,fast_arm/iso/raw/r24,space_time,dev,119,E012b_C0
2026-10-09T09:21:47-05:00,E012,fast_arm/iso/raw/r24,space_time,dev,119,E012c_C0
2026-10-09T09:21:48-05:00,E012,fast_arm/iso/raw/r24,time,dev,155,E012b_C0
2026-10-09T09:21:48-05:00,E012,fast_arm/iso/raw/r24,time,dev,155,E012c_C0
2026-10-09T09:21:57-05:00,E012,fast_arm/split/raw/r24,space_time,dev,119,E012c_C1
2026-10-09T09:21:57-05:00,E012,fast_arm/split/raw/r24,space_time,dev,119,E012b_C1
2026-10-09T09:21:59-05:00,E012,fast_arm/split/raw/r24,time,dev,155,E012c_C1
2026-10-09T09:21:59-05:00,E012,fast_arm/split/raw/r24,time,dev,155,E012b_C1
2026-10-09T09:22:08-05:00,E012,fast_arm/placebo/raw/r24,space_time,dev,119,E012c_P
2026-10-09T09:22:09-05:00,E012,fast_arm/placebo/raw/r24,time,dev,155,E012c_P
2026-10-09T09:22:33-05:00,E012,fast_arm/split+placebo/raw/r24,space_time,dev,119,E012c_CP
2026-10-09T09:22:34-05:00,E012,fast_arm/split+placebo/raw/r24,time,dev,155,E012c_CP
2026-10-09T09:22:47-05:00,E012,fast_arm/split/raw/r64,space_time,dev,119,E012b_C4
2026-10-09T09:22:48-05:00,E012,fast_arm/split/raw/r64,time,dev,155,E012b_C4
